{
 "Brazilian": [
  -14.235004,
  -51.92528
 ],
 "Indian": [
  20.593684,
  78.96288
 ],
 "Sardinian": [
  41.87194,
  12.56738
 ],
 "Conveyor Belt Sushi": [
  36.204824,
  138.252924
 ],
 "Burmese": [
  21.916221,
  95.955974
 ],
 "Latin American": [
  -14.235004,
  -51.92528
 ],
 "Steakhouses": [
  39.9184269,
  -75.1366547
 ],
 "Portuguese": [
  39.39987199999999,
  -8.224454
 ],
 "Mongolian": [
  46.862496,
  103.846656
 ],
 "Asian Fusion": [
  35.86166,
  104.195397
 ],
 "Hot Dogs": [
  39.9184269,
  -75.1366547
 ],
 "Ramen": [
  36.204824,
  138.252924
 ],
 "Irish": [
  53.41291,
  -8.24389
 ],
 "Vietnamese": [
  14.058324,
  108.277199
 ],
 "Dominican": [
  18.735693,
  -70.162651
 ],
 "Malaysian": [
  4.210484,
  101.975766
 ],
 "Cantonese": [
  35.86166,
  104.195397
 ],
 "Soul Food": [
  39.9184269,
  -75.1366547
 ],
 "Creperies": [
  46.227638,
  2.213749
 ],
 "Honduran": [
  15.199999,
  -86.241905
 ],
 "Salvadoran": [
  13.794185,
  -88.89653
 ],
 "Basque": [
  40.46366700000001,
  -3.74922
 ],
 "Hungarian": [
  47.162494,
  19.5033041
 ],
 "Teppanyaki": [
  36.204824,
  138.252924
 ],
 "Sushi Bars": [
  36.204824,
  138.252924
 ],
 "Pan Asian": [
  35.86166,
  104.195397
 ],
 "Middle Eastern": [
  23.885942,
  45.079162
 ],
 "Laotian": [
  19.85627,
  102.495496
 ],
 "Italian": [
  41.87194,
  12.56738
 ],
 "Burgers": [
  39.9184269,
  -75.1366547
 ],
 "Trinidadian": [
  10.691803,
  -61.222503
 ],
 "Arabian": [
  23.885942,
  45.079162
 ],
 "Hot Pot": [
  35.86166,
  104.195397
 ],
 "Scottish": [
  53.7190281,
  -2.0727839
 ],
 "Russian": [
  61.52401,
  105.318756
 ],
 "Mauritius": [
  -20.348404,
  57.55215200000001
 ],
 "Polish": [
  51.919438,
  19.145136
 ],
 "Halal": [
  23.885942,
  45.079162
 ],
 "Japanese Curry": [
  36.204824,
  138.252924
 ],
 "French": [
  46.227638,
  2.213749
 ],
 "Greek": [
  39.074208,
  21.824312
 ],
 "Cheesesteaks": [
  39.9184269,
  -75.1366547
 ],
 "Tapas Bars": [
  40.46366700000001,
  -3.74922
 ],
 "British": [
  53.7190281,
  -2.0727839
 ],
 "Uzbek": [
  41.377491,
  64.585262
 ],
 "Sicilian": [
  41.87194,
  12.56738
 ],
 "American (Traditional)": [
  39.9184269,
  -75.1366547
 ],
 "Indonesian": [
  -0.789275,
  113.921327
 ],
 "Japanese": [
  36.204824,
  138.252924
 ],
 "Cambodian": [
  12.565679,
  104.990963
 ],
 "Pakistani": [
  30.375321,
  69.34511599999999
 ],
 "Spanish": [
  40.46366700000001,
  -3.74922
 ],
 "Kebab": [
  23.885942,
  45.079162
 ],
 "Hawaiian": [
  39.9184269,
  -75.1366547
 ],
 "Colombian": [
  4.570868,
  -74.297333
 ],
 "Cajun/Creole": [
  39.9184269,
  -75.1366547
 ],
 "Taiwanese": [
  23.69781,
  120.960515
 ],
 "Fish & Chips": [
  53.7190281,
  -2.0727839
 ],
 "Haitian": [
  18.971187,
  -72.285215
 ],
 "Caribbean": [
  18.735693,
  -70.162651
 ],
 "Shanghainese": [
  35.86166,
  104.195397
 ],
 "Fast Food": [
  39.9184269,
  -75.1366547
 ],
 "Puerto Rican": [
  18.220833,
  -66.590149
 ],
 "Australian": [
  -25.274398,
  133.775136
 ],
 "Mediterranean": [
  41.87194,
  12.56738
 ],
 "Szechuan": [
  35.86166,
  104.195397
 ],
 "Thai": [
  15.870032,
  100.992541
 ],
 "Noodles": [
  35.86166,
  104.195397
 ],
 "Brasseries": [
  46.227638,
  2.213749
 ],
 "Nicaraguan": [
  12.865416,
  -85.207229
 ],
 "Senegalese": [
  14.497401,
  -14.452362
 ],
 "Catalan": [
  40.46366700000001,
  -3.74922
 ],
 "Izakaya": [
  36.204824,
  138.252924
 ],
 "Belgian": [
  50.503887,
  4.469936
 ],
 "Singaporean": [
  1.352083,
  103.819836
 ],
 "Falafel": [
  26.820553,
  30.802498
 ],
 "Hong Kong Style Cafe": [
  22.396428,
  114.109497
 ],
 "Reunion": [
  -21.115141,
  55.536384
 ],
 "Waffles": [
  39.9184269,
  -75.1366547
 ],
 "Moroccan": [
  31.791702,
  -7.092619999999999
 ],
 "Afghan": [
  33.93911,
  67.709953
 ],
 "Himalayan/Nepalese": [
  28.394857,
  84.12400799999999
 ],
 "Slovakian": [
  48.669026,
  19.699024
 ],
 "Austrian": [
  47.516231,
  14.550072
 ],
 "Argentine": [
  -38.416097,
  -63.61667199999999
 ],
 "New Mexican Cuisine": [
  39.9184269,
  -75.1366547
 ],
 "Armenian": [
  40.069099,
  45.038189
 ],
 "Hainan": [
  35.86166,
  104.195397
 ],
 "Chicken Wings": [
  39.9184269,
  -75.1366547
 ],
 "Georgian": [
  39.9184269,
  -75.1366547
 ],
 "Syrian": [
  34.80207499999999,
  38.996815
 ],
 "Tuscan": [
  41.87194,
  12.56738
 ],
 "Southern": [
  39.9184269,
  -75.1366547
 ],
 "Egyptian": [
  26.820553,
  30.802498
 ],
 "Diners": [
  39.9184269,
  -75.1366547
 ],
 "Poutineries": [
  56.130366,
  -106.346771
 ],
 "African": [
  6.611110999999999,
  20.939444
 ],
 "Bangladeshi": [
  23.684994,
  90.356331
 ],
 "Tacos": [
  19.4326077,
  -99.133208
 ],
 "German": [
  51.165691,
  10.451526
 ],
 "Filipino": [
  12.879721,
  121.774017
 ],
 "Dim Sum": [
  22.396428,
  114.109497
 ],
 "Fondue": [
  46.818188,
  8.227511999999999
 ],
 "Iberian": [
  40.46366700000001,
  -3.74922
 ],
 "Pizza": [
  41.87194,
  12.56738
 ],
 "Sri Lankan": [
  7.873053999999999,
 
  80.77179699999999
 ],
 "Korean": [
  35.907757,
  127.766922
 ],
 "Scandinavian": [
  60.12816100000001,
  18.643501
 ],
 "Bulgarian": [
  42.733883,
  25.48583
 ],
 "Lebanese": [
  33.854721,
  35.862285
 ],
 "Chinese": [
  35.86166,
  104.195397
 ],
 "South African": [
  -30.559482,
  22.937506
 ],
 "Guamanian": [
  13.444304,
  144.793731
 ],
 "American (New)": [
  39.9184269,
  -75.1366547
 ],
 "Tapas/Small Plates": [
  40.46366700000001,
  -3.74922
 ],
 "Ukrainian": [
  48.379433,
  31.1655799
 ],
 "Persian/Iranian": [
  32.427908,
  53.688046
 ],
 "Ethiopian": [
  9.145000000000001,
  40.489673
 ],
 "Venezuelan": [
  6.42375,
  -66.58973
 ],
 "Tex-Mex": [
  19.4326077,
  -99.133208
 ],
 "Cuban": [
  21.521757,
  -77.781167
 ],
 "Calabrian": [
  41.87194,
  12.56738
 ],
 "Polynesian": [
  39.9184269,
  -75.1366547
 ],
 "Czech": [
  49.81749199999999,
  15.472962
 ],
 "Turkish": [
  38.963745,
  35.243322
 ],
 "Peruvian": [
  -9.189967,
  -75.015152
 ],
 "Mexican": [
  19.4326077,
  -99.133208
 ]
}